video_id,angle_frames,duration_s,exclude_reason,file,fps_measured,frames_checked,hands_visible_pct,height,player_pct,rudiment,rudiment_number,size_mb,status,width
iaV1SDyJoQ0,three-quarter,55.8,,youtube\single-paradiddle\iaV1SDyJoQ0.mp4,29.97,7,86,1080,86,Single Paradiddle,16,21.4,ok,1920
TCWxKEUX5xk,side,56.8,hands visible in 0% and a player in 86% of checked frames,single-stroke-roll/TCWxKEUX5xk.mp4,30.0,7,0,1072,86,Single Stroke Roll,1,13.6,"downloaded, excluded",1920
farVyxMAtbQ,three-quarter,15.9,,single-stroke-four/farVyxMAtbQ.mp4,60.0,7,100,1080,100,Single Stroke Four,2,6.5,ok,1920
qsF-dUNx0kM,hands only,60.7,hands visible in 0% and a player in 57% of checked frames,triple-stroke-roll/qsF-dUNx0kM.mp4,29.97,7,0,1080,57,Triple Stroke Roll,5,20.7,"downloaded, excluded",1920
Y0uZKZo4BHc,front,46.8,hands visible in 14% and a player in 86% of checked frames,double-stroke-open-roll/Y0uZKZo4BHc.mp4,25.0,7,14,1080,86,Double Stroke Open Roll,6,9.2,"downloaded, excluded",1920
D2wm555X_8Q,hands only,34.2,hands visible in 14% and a player in 57% of checked frames,five-stroke-roll/D2wm555X_8Q.mp4,29.97,7,14,1080,57,Five Stroke Roll,7,11.4,"downloaded, excluded",1920
3-X144f6S-w,three-quarter,18.4,,seven-stroke-roll/3-X144f6S-w.mp4,60.0,7,100,1080,100,Seven Stroke Roll,9,8.0,ok,1920
85LvdqotLdE,front,30.6,hands visible in 14% and a player in 100% of checked frames,nine-stroke-roll/85LvdqotLdE.mp4,29.97,7,14,1080,100,Nine Stroke Roll,10,10.7,"downloaded, excluded",1920
QLN9rY1wfJA,front,31.2,hands visible in 0% and a player in 100% of checked frames,ten-stroke-roll/QLN9rY1wfJA.mp4,29.97,7,0,1080,100,Ten Stroke Roll,11,11.1,"downloaded, excluded",1920
gRn2822R6Hg,front,41.1,hands visible in 14% and a player in 100% of checked frames,eleven-stroke-roll/gRn2822R6Hg.mp4,29.97,7,14,1080,100,Eleven Stroke Roll,12,11.1,"downloaded, excluded",1920
xqiY2TF-WI8,hands only,72.4,hands visible in 0% and a player in 86% of checked frames,thirteen-stroke-roll/xqiY2TF-WI8.mp4,29.97,7,0,1080,86,Thirteen Stroke Roll,13,19.2,"downloaded, excluded",1920
ghkAaDhFEe4,front,69.9,hands visible in 14% and a player in 100% of checked frames,fifteen-stroke-roll/ghkAaDhFEe4.mp4,29.97,7,14,1080,100,Fifteen Stroke Roll,14,19.7,"downloaded, excluded",1920
_LIfQhUsnaw,hands only,55.3,hands visible in 14% and a player in 100% of checked frames,seventeen-stroke-roll/_LIfQhUsnaw.mp4,29.97,7,14,1080,100,Seventeen Stroke Roll,15,19.5,"downloaded, excluded",1920
QQULodvl0d0,three-quarter,221.0,,single-paradiddle/QQULodvl0d0.mp4,29.97,7,100,1080,100,Single Paradiddle,16,72.7,ok,1920
rOl0Jn4ZtqI,side,54.8,,double-paradiddle/rOl0Jn4ZtqI.mp4,30.0,7,57,1080,100,Double Paradiddle,17,18.9,ok,1920
zpo2wp_9VNU,three-quarter,146.8,,single-paradiddle-diddle/zpo2wp_9VNU.mp4,23.98,7,71,1080,100,Single Paradiddle-Diddle,19,48.9,ok,1920
WuzCga7wSDs,three-quarter,29.7,,flam/WuzCga7wSDs.mp4,60.0,7,100,1080,100,Flam,20,10.9,ok,1920
9-TyxBLt8a4,three-quarter,45.4,,flam-accent/9-TyxBLt8a4.mp4,60.0,7,100,1080,100,Flam Accent,21,19.2,ok,1920
JoPv2fKaHYw,three-quarter,49.3,,flam-tap/JoPv2fKaHYw.mp4,60.0,7,100,1080,100,Flam Tap,22,21.6,ok,1920
FciVy14Z4Zc,three-quarter,61.1,,flamacue/FciVy14Z4Zc.mp4,60.0,7,100,1080,100,Flamacue,23,26.4,ok,1920
ziEvGDjz4Wg,three-quarter,55.6,,flam-paradiddle/ziEvGDjz4Wg.mp4,60.0,7,100,1080,100,Flam Paradiddle,24,24.2,ok,1920
f1ZHkCfsSSE,three-quarter,30.4,,flam-paradiddle-diddle/f1ZHkCfsSSE.mp4,60.0,7,71,1080,71,Flam Paradiddle-Diddle,26,7.0,ok,1920
WgzUjgxqzk8,hands only,165.4,hands visible in 0% and a player in 71% of checked frames,swiss-army-triplet/WgzUjgxqzk8.mp4,29.97,7,0,1080,71,Swiss Army Triplet,28,51.9,"downloaded, excluded",1920
mR2lP5BEgIQ,three-quarter,45.4,,flam-drag/mR2lP5BEgIQ.mp4,60.0,7,100,1080,100,Flam Drag,30,19.2,ok,1920
chLVKjBVjKQ,hands only,78.2,hands visible in 29% and a player in 43% of checked frames,single-drag-tap/chLVKjBVjKQ.mp4,29.97,7,29,1080,43,Single Drag Tap,32,21.3,"downloaded, excluded",1920
Jd3dTY3vbRs,hands only,64.5,hands visible in 29% and a player in 71% of checked frames,double-drag-tap/Jd3dTY3vbRs.mp4,29.97,7,29,1080,71,Double Drag Tap,33,20.9,"downloaded, excluded",1920
FInaxWJJfa4,three-quarter,95.6,,single-ratamacue/FInaxWJJfa4.mp4,60.0,7,100,1080,100,Single Ratamacue,38,41.0,ok,1920
