video_id,attribution,channel,channel_url,downloaded,license,rudiment,title,url
iaV1SDyJoQ0,"""40 Rudimentos.    II - DIDDLE RUDIMENTS.      16. Single Paradiddle"" by ESTUDE BATERIA (https://www.youtube.com/watch?v=iaV1SDyJoQ0), licensed CC BY (YouTube Creative Commons Attribution)",ESTUDE BATERIA,https://www.youtube.com/channel/UCVN6V8fPSRXg1UCWcotqkoA,2026-09-26,Creative Commons Attribution license (reuse allowed),Single Paradiddle,40 Rudimentos.    II - DIDDLE RUDIMENTS.      16. Single Paradiddle,https://www.youtube.com/watch?v=iaV1SDyJoQ0
TCWxKEUX5xk,"""Single Stroke Roll - Aplicação em Semínima, Colcheia, Semicolcheia e Fusa. Aluno Luiz Mário."" by ESTUDE BATERIA (https://www.youtube.com/watch?v=TCWxKEUX5xk), licensed CC BY (YouTube Creative Commons Attribution)",ESTUDE BATERIA,https://www.youtube.com/channel/UCVN6V8fPSRXg1UCWcotqkoA,2026-09-27,Creative Commons Attribution license (reuse allowed),Single Stroke Roll,"Single Stroke Roll - Aplicação em Semínima, Colcheia, Semicolcheia e Fusa. Aluno Luiz Mário.",https://www.youtube.com/watch?v=TCWxKEUX5xk
farVyxMAtbQ,"""SINGLE STROKE FOUR RUDIMENT WITH NATATION | TACHNICAL MUSICIAN"" by EAVE (https://www.youtube.com/watch?v=farVyxMAtbQ), licensed CC BY (YouTube Creative Commons Attribution)",EAVE,https://www.youtube.com/channel/UCNXjDyAvZetqX_3vaXos_Pw,2026-09-27,Creative Commons Attribution license (reuse allowed),Single Stroke Four,SINGLE STROKE FOUR RUDIMENT WITH NATATION | TACHNICAL MUSICIAN,https://www.youtube.com/watch?v=farVyxMAtbQ
qsF-dUNx0kM,"""Triple Stroke Roll"" by null (https://www.youtube.com/watch?v=qsF-dUNx0kM), licensed CC BY (YouTube Creative Commons Attribution)",null,https://www.youtube.com/channel/UCoiP3HEJH-eicv8O3AqW1AA,2026-09-27,Creative Commons Attribution license (reuse allowed),Triple Stroke Roll,Triple Stroke Roll,https://www.youtube.com/watch?v=qsF-dUNx0kM
Y0uZKZo4BHc,"""Sticking ¿Qué son los DOUBLE STROKES?"" by Sala de Música (Musikalische Bildung) (https://www.youtube.com/watch?v=Y0uZKZo4BHc), licensed CC BY (YouTube Creative Commons Attribution)",Sala de Música (Musikalische Bildung),https://www.youtube.com/channel/UC_ULWaD7VUirmHaqBIvmyAg,2026-09-27,Creative Commons Attribution license (reuse allowed),Double Stroke Open Roll,Sticking ¿Qué son los DOUBLE STROKES?,https://www.youtube.com/watch?v=Y0uZKZo4BHc
D2wm555X_8Q,"""5 Stroke Roll Practice"" by null (https://www.youtube.com/watch?v=D2wm555X_8Q), licensed CC BY (YouTube Creative Commons Attribution)",null,https://www.youtube.com/channel/UCoiP3HEJH-eicv8O3AqW1AA,2026-09-27,Creative Commons Attribution license (reuse allowed),Five Stroke Roll,5 Stroke Roll Practice,https://www.youtube.com/watch?v=D2wm555X_8Q
3-X144f6S-w,"""SEVEN STROKE ROLL RUDIMENT WITH NATATION"" by EAVE (https://www.youtube.com/watch?v=3-X144f6S-w), licensed CC BY (YouTube Creative Commons Attribution)",EAVE,https://www.youtube.com/channel/UCNXjDyAvZetqX_3vaXos_Pw,2026-09-27,Creative Commons Attribution license (reuse allowed),Seven Stroke Roll,SEVEN STROKE ROLL RUDIMENT WITH NATATION,https://www.youtube.com/watch?v=3-X144f6S-w
85LvdqotLdE,"""9 Stroke Roll"" by null (https://www.youtube.com/watch?v=85LvdqotLdE), licensed CC BY (YouTube Creative Commons Attribution)",null,https://www.youtube.com/channel/UCoiP3HEJH-eicv8O3AqW1AA,2026-09-27,Creative Commons Attribution license (reuse allowed),Nine Stroke Roll,9 Stroke Roll,https://www.youtube.com/watch?v=85LvdqotLdE
QLN9rY1wfJA,"""10 Stroke Roll"" by null (https://www.youtube.com/watch?v=QLN9rY1wfJA), licensed CC BY (YouTube Creative Commons Attribution)",null,https://www.youtube.com/channel/UCoiP3HEJH-eicv8O3AqW1AA,2026-09-27,Creative Commons Attribution license (reuse allowed),Ten Stroke Roll,10 Stroke Roll,https://www.youtube.com/watch?v=QLN9rY1wfJA
gRn2822R6Hg,"""11 Stroke Roll"" by null (https://www.youtube.com/watch?v=gRn2822R6Hg), licensed CC BY (YouTube Creative Commons Attribution)",null,https://www.youtube.com/channel/UCoiP3HEJH-eicv8O3AqW1AA,2026-09-27,Creative Commons Attribution license (reuse allowed),Eleven Stroke Roll,11 Stroke Roll,https://www.youtube.com/watch?v=gRn2822R6Hg
xqiY2TF-WI8,"""13 Stroke Roll Practice"" by null (https://www.youtube.com/watch?v=xqiY2TF-WI8), licensed CC BY (YouTube Creative Commons Attribution)",null,https://www.youtube.com/channel/UCoiP3HEJH-eicv8O3AqW1AA,2026-09-27,Creative Commons Attribution license (reuse allowed),Thirteen Stroke Roll,13 Stroke Roll Practice,https://www.youtube.com/watch?v=xqiY2TF-WI8
ghkAaDhFEe4,"""15 Stroke Roll"" by null (https://www.youtube.com/watch?v=ghkAaDhFEe4), licensed CC BY (YouTube Creative Commons Attribution)",null,https://www.youtube.com/channel/UCoiP3HEJH-eicv8O3AqW1AA,2026-09-27,Creative Commons Attribution license (reuse allowed),Fifteen Stroke Roll,15 Stroke Roll,https://www.youtube.com/watch?v=ghkAaDhFEe4
_LIfQhUsnaw,"""17 Stroke Roll"" by null (https://www.youtube.com/watch?v=_LIfQhUsnaw), licensed CC BY (YouTube Creative Commons Attribution)",null,https://www.youtube.com/channel/UCoiP3HEJH-eicv8O3AqW1AA,2026-09-27,Creative Commons Attribution license (reuse allowed),Seventeen Stroke Roll,17 Stroke Roll,https://www.youtube.com/watch?v=_LIfQhUsnaw
QQULodvl0d0,"""Paradiddle Play"" by University of Vermont (https://www.youtube.com/watch?v=QQULodvl0d0), licensed CC BY (YouTube Creative Commons Attribution)",University of Vermont,https://www.youtube.com/channel/UCSM5tnXrwqMWZtdBhXDMA1g,2026-09-27,Creative Commons Attribution license (reuse allowed),Single Paradiddle,Paradiddle Play,https://www.youtube.com/watch?v=QQULodvl0d0
rOl0Jn4ZtqI,"""Learn to Drum -  Basic Drumming - Double Paradiddle"" by Adlib Tuition (https://www.youtube.com/watch?v=rOl0Jn4ZtqI), licensed CC BY (YouTube Creative Commons Attribution)",Adlib Tuition,https://www.youtube.com/channel/UC9lnLmmpWuk0l3XHsje0VQA,2026-09-27,Creative Commons Attribution license (reuse allowed),Double Paradiddle,Learn to Drum -  Basic Drumming - Double Paradiddle,https://www.youtube.com/watch?v=rOl0Jn4ZtqI
zpo2wp_9VNU,"""Playing the Paradiddle Diddle Fast - Drum Lesson by Freddy Charles"" by Freddy Charles (https://www.youtube.com/watch?v=zpo2wp_9VNU), licensed CC BY (YouTube Creative Commons Attribution)",Freddy Charles,https://www.youtube.com/channel/UC1xkrycozgUqLLCmwSSGAdA,2026-09-27,Creative Commons Attribution license (reuse allowed),Single Paradiddle-Diddle,Playing the Paradiddle Diddle Fast - Drum Lesson by Freddy Charles,https://www.youtube.com/watch?v=zpo2wp_9VNU
WuzCga7wSDs,"""FLAM PARADIDLE-DIDLE RUDIMENT WITH NATATION | TACHNICAL MUSICIAN @klarisache"" by EAVE (https://www.youtube.com/watch?v=WuzCga7wSDs), licensed CC BY (YouTube Creative Commons Attribution)",EAVE,https://www.youtube.com/channel/UCNXjDyAvZetqX_3vaXos_Pw,2026-09-27,Creative Commons Attribution license (reuse allowed),Flam,FLAM PARADIDLE-DIDLE RUDIMENT WITH NATATION | TACHNICAL MUSICIAN @klarisache,https://www.youtube.com/watch?v=WuzCga7wSDs
9-TyxBLt8a4,"""FLAM ACCENT RUDIMENT (WITH NATATION)"" by EAVE (https://www.youtube.com/watch?v=9-TyxBLt8a4), licensed CC BY (YouTube Creative Commons Attribution)",EAVE,https://www.youtube.com/channel/UCNXjDyAvZetqX_3vaXos_Pw,2026-09-27,Creative Commons Attribution license (reuse allowed),Flam Accent,FLAM ACCENT RUDIMENT (WITH NATATION),https://www.youtube.com/watch?v=9-TyxBLt8a4
JoPv2fKaHYw,"""FLAM TAP RUDIMENT (WITH NATATION)"" by EAVE (https://www.youtube.com/watch?v=JoPv2fKaHYw), licensed CC BY (YouTube Creative Commons Attribution)",EAVE,https://www.youtube.com/channel/UCNXjDyAvZetqX_3vaXos_Pw,2026-09-27,Creative Commons Attribution license (reuse allowed),Flam Tap,FLAM TAP RUDIMENT (WITH NATATION),https://www.youtube.com/watch?v=JoPv2fKaHYw
FciVy14Z4Zc,"""FLAMACUE RUDIMENT (WITH NATATION)"" by EAVE (https://www.youtube.com/watch?v=FciVy14Z4Zc), licensed CC BY (YouTube Creative Commons Attribution)",EAVE,https://www.youtube.com/channel/UCNXjDyAvZetqX_3vaXos_Pw,2026-09-27,Creative Commons Attribution license (reuse allowed),Flamacue,FLAMACUE RUDIMENT (WITH NATATION),https://www.youtube.com/watch?v=FciVy14Z4Zc
ziEvGDjz4Wg,"""FLAM PARADIDDLE RUDIMENT WITH NATATION"" by EAVE (https://www.youtube.com/watch?v=ziEvGDjz4Wg), licensed CC BY (YouTube Creative Commons Attribution)",EAVE,https://www.youtube.com/channel/UCNXjDyAvZetqX_3vaXos_Pw,2026-09-27,Creative Commons Attribution license (reuse allowed),Flam Paradiddle,FLAM PARADIDDLE RUDIMENT WITH NATATION,https://www.youtube.com/watch?v=ziEvGDjz4Wg
f1ZHkCfsSSE,"""26. Flam Paradiddle-Diddle. #40rudimentos"" by ESTUDE BATERIA (https://www.youtube.com/watch?v=f1ZHkCfsSSE), licensed CC BY (YouTube Creative Commons Attribution)",ESTUDE BATERIA,https://www.youtube.com/channel/UCVN6V8fPSRXg1UCWcotqkoA,2026-09-27,Creative Commons Attribution license (reuse allowed),Flam Paradiddle-Diddle,26. Flam Paradiddle-Diddle. #40rudimentos,https://www.youtube.com/watch?v=f1ZHkCfsSSE
WgzUjgxqzk8,"""爵士鼓教學 Swiss Army Triplet在 Swing Groove裡的應用"" by null (https://www.youtube.com/watch?v=WgzUjgxqzk8), licensed CC BY (YouTube Creative Commons Attribution)",null,https://www.youtube.com/channel/UCoiP3HEJH-eicv8O3AqW1AA,2026-09-27,Creative Commons Attribution license (reuse allowed),Swiss Army Triplet,爵士鼓教學 Swiss Army Triplet在 Swing Groove裡的應用,https://www.youtube.com/watch?v=WgzUjgxqzk8
mR2lP5BEgIQ,"""FLAM DRAG RUDIMENT WITH NATATION"" by EAVE (https://www.youtube.com/watch?v=mR2lP5BEgIQ), licensed CC BY (YouTube Creative Commons Attribution)",EAVE,https://www.youtube.com/channel/UCNXjDyAvZetqX_3vaXos_Pw,2026-09-27,Creative Commons Attribution license (reuse allowed),Flam Drag,FLAM DRAG RUDIMENT WITH NATATION,https://www.youtube.com/watch?v=mR2lP5BEgIQ
chLVKjBVjKQ,"""Single Drag Tap"" by null (https://www.youtube.com/watch?v=chLVKjBVjKQ), licensed CC BY (YouTube Creative Commons Attribution)",null,https://www.youtube.com/channel/UCoiP3HEJH-eicv8O3AqW1AA,2026-09-27,Creative Commons Attribution license (reuse allowed),Single Drag Tap,Single Drag Tap,https://www.youtube.com/watch?v=chLVKjBVjKQ
Jd3dTY3vbRs,"""Double Drag Tap"" by null (https://www.youtube.com/watch?v=Jd3dTY3vbRs), licensed CC BY (YouTube Creative Commons Attribution)",null,https://www.youtube.com/channel/UCoiP3HEJH-eicv8O3AqW1AA,2026-09-27,Creative Commons Attribution license (reuse allowed),Double Drag Tap,Double Drag Tap,https://www.youtube.com/watch?v=Jd3dTY3vbRs
FInaxWJJfa4,"""SINGLE RATAMACUE RUDIMENT WITH NATATION | TECHNICAL MUSICIAN @klarisache"" by EAVE (https://www.youtube.com/watch?v=FInaxWJJfa4), licensed CC BY (YouTube Creative Commons Attribution)",EAVE,https://www.youtube.com/channel/UCNXjDyAvZetqX_3vaXos_Pw,2026-09-27,Creative Commons Attribution license (reuse allowed),Single Ratamacue,SINGLE RATAMACUE RUDIMENT WITH NATATION | TECHNICAL MUSICIAN @klarisache,https://www.youtube.com/watch?v=FInaxWJJfa4
